2009,Bad Romance,Lady GaGa,1.0
2009,Bad Romance,Lady GaGa,1.0
2009,Bad Romance,Lady GaGa,1.0
2009,Bad Romance,Lady GaGa,1.0
2009,Bad Romance,Lady GaGa,1.0
2009,Poker Face,Lady GaGa,0.7662755077748938
2009,Poker Face,Lady GaGa,0.7662755077748938
2009,Poker Face,Lady GaGa,0.7662755077748938
2002,Lose Yourself,Eminem,0.7653023761947868
2002,Without Me,Eminem,0.7652777203354804
2002,Without Me,Eminem,0.7652777203354804
2003,In Da Club,50 Cent,0.7258126087431925
2003,In Da Club,50 Cent,0.7258126087431925
2003,In Da Club,50 Cent,0.7258126087431925
2007,Girlfriend,Avril Lavigne,0.7130458059380479
2007,Girlfriend,Avril Lavigne,0.7130458059380479
2007,Girlfriend,Avril Lavigne,0.7130430395319032
2008,Bleeding Love,Leona Lewis,0.7103756398097828
2003,Hey Ya!,OutKast,0.6853992812280129
2003,Hey Ya!,OutKast,0.6853992812280129
1983,Billie Jean,Michael Jackson,0.6540815198365869
1983,Billie Jean,Michael Jackson,0.6540815198365869
1998,I Don't Want To Miss A Thing,Aerosmith,0.6431331896636747
1998,I Don't Want To Miss A Thing,Aerosmith,0.6431331896636747
1998,I Don't Want To Miss A Thing,Aerosmith,0.6431331896636747
1998,I Don't Want To Miss A Thing,Aerosmith,0.6431218511444883
1992,Smells Like Teen Spirit,Nirvana,0.6359485495347496
1992,Smells Like Teen Spirit,Nirvana,0.6359485495347496
1992,Smells Like Teen Spirit,Nirvana,0.6359485495347496
1997,MMMBop,Hanson,0.6230660481943335
1997,MMMBop,Hanson,0.6230660481943335
1997,Don't Speak,No Doubt,0.6206206363584309
2007,Beautiful Girls,Sean Kingston,0.6112314951946409
2004,Yeah!,Usher,0.6077924946901403
2008,I Kissed A Girl,Katy Perry,0.6076733218136383
2007,Don't Stop The Music,Rihanna,0.594071612591057
2007,Don't Stop The Music,Rihanna,0.594071612591057
2007,Don't Stop The Music,Rihanna,0.594071612591057
2007,Don't Stop The Music,Rihanna,0.594071612591057
2007,Don't Stop The Music,Rihanna,0.594071612591057
2007,Don't Stop The Music,Rihanna,0.594071612591057
2007,Don't Stop The Music,Rihanna,0.594071612591057
2007,Don't Stop The Music,Rihanna,0.594071612591057
2007,Don't Stop The Music,Rihanna,0.594071612591057
2007,Don't Stop The Music,Rihanna,0.594071612591057
1983,Every Breath You Take,The Police,0.586551568096079
1983,Every Breath You Take,The Police,0.586551568096079
1999,Livin' La Vida Loca,Ricky Martin,0.5828113517849032
1994,Streets Of Philadelphia,Bruce Springsteen,0.577848065751773
1991,Black Or White,Michael Jackson,0.5718802723828521
1991,Black Or White,Michael Jackson,0.5718802723828521
2007,No One,Alicia Keys,0.5635486017507506
2007,No One,Alicia Keys,0.5635486017507506
1982,EYE OF THE TIGER,Survivor,0.5496313087848601
1982,Eye Of The Tiger,Survivor,0.5496313087848601
1982,Eye Of The Tiger,Survivor,0.5496313087848601
2005,Don't Cha,The Pussycat Dolls,0.5484750182735321
2005,Don't Cha,The Pussycat Dolls,0.5484750182735321
1981,Bette Davis Eyes,Kim Carnes,0.5342865931773979
1990,U Can't Touch This,MC Hammer,0.5329051860459721
2002,Complicated,Avril Lavigne,0.528961874660601
2002,Complicated,Avril Lavigne,0.528961874660601
1984,I Just Called To Say I Love You,Stevie Wonder,0.5245474680301304
2003,Bring Me To Life,Evanescence,0.5225942375545409
2003,Bring Me To Life,Evanescence,0.5225942375545409
2003,Bring Me To Life,Evanescence,0.5225932944615371
2003,Bring Me To Life,Evanescence,0.5225932944615371
2002,A Rush Of Blood To The Head,Coldplay,0.5174133380911583
1989,Like A Prayer,Madonna,0.516414886696638
2004,Toxic,Britney Spears,0.5150004045196281
2007,Big Girls Don't Cry,Fergie,0.512036102890466
2005,You're Beautiful,James Blunt,0.5086157953167568
2005,Lonely,Akon,0.5076938599110482
2005,Lonely,Akon,0.5076938599110482
2005,Lonely,Akon,0.5076938599110482
2002,How You Remind Me,Nickelback,0.505238332159032
2005,X & Y,Coldplay,0.5036163756012965
2004,Confessions,Usher,0.5020227341514827
1994,The Sign,Ace of Base,0.5008378487584136
1990,Ice Ice Baby,Vanilla Ice,0.49892508931319157
1994,I'll Make Love To You,Boyz II Men,0.49511587053011646
1994,Always,Bon Jovi,0.4945299258494304
1993,Music Box,Mariah Carey,0.49376628148343255
1992,End Of The Road,Boyz II Men,0.4912685499131598
1992,End Of The Road,Boyz II Men,0.4912685499131598
1987,Never Gonna Give You Up,Rick Astley,0.4848698142376778
1987,Never Gonna Give You Up,Rick Astley,0.4848698142376778
1987,Never Gonna Give You Up,Rick Astley,0.4848698142376778
1998,The Miseducation Of Lauryn Hill,Lauryn Hill,0.484097217441177
2000,Beautiful Day,U2,0.4835797827307932
2000,Kid A,Radiohead,0.4827251516266273
2003,Beautiful,Christina Aguilera,0.4793344665838383
2003,Beautiful,Christina Aguilera,0.47933371210943515
2003,Beautiful,Christina Aguilera,0.47933371210943515
2003,Beautiful,Christina Aguilera,0.47933371210943515
2003,Beautiful,Christina Aguilera,0.47933371210943515
2003,Beautiful,Christina Aguilera,0.47933371210943515
2003,Beautiful,Christina Aguilera,0.47933371210943515
2007,Stronger,Kanye West,0.4773980740004801
2007,Stronger,Kanye West,0.4773980740004801
2007,Stronger,Kanye West,0.4773980740004801
2007,Stronger,Kanye West,0.4773980740004801
2007,Stronger,Kanye West,0.4773980740004801
1992,Tears In Heaven,Eric Clapton,0.476763209605656
1993,All That She Wants,Ace of Base,0.4739347435130285
1984,Careless Whisper,George Michael,0.47359597279365495
2005,We Belong Together,Mariah Carey,0.47339050744956157
2005,We Belong Together,Mariah Carey,0.47339050744956157
2005,We Belong Together,Mariah Carey,0.47339050744956157
1993,Please Forgive Me,Bryan Adams,0.46937054040464304
1997,I Believe I Can Fly,R Kelly,0.46906526169551194
1989,Another Day In Paradise,Phil Collins,0.46829377200552824
1989,Another Day In Paradise,Phil Collins,0.46829377200552824
2007,Back To Black,Amy Winehouse,0.4681472568417698
2007,Back To Black,Amy Winehouse,0.4681472568417698
2007,Back To Black,Amy Winehouse,0.4681472568417698
2007,Back To Black,Amy Winehouse,0.4681468167317013
1995,FANTASY,Mariah Carey,0.4646238649575367
1996,Tragic Kingdom,No Doubt,0.4638424749952028
1995,You Are Not Alone,Michael Jackson,0.46344613832104997
1995,You Are Not Alone,Michael Jackson,0.46344613832104997
1984,Thriller,Michael Jackson,0.4628723208539539
1984,Thriller,Michael Jackson,0.4628719436167523
2000,It's My Life,Bon Jovi,0.4620671788676006
2000,It's My Life,Bon Jovi,0.4620671788676006
2009,You Belong With Me,Taylor Swift,0.458490278127677
2009,You Belong With Me,Taylor Swift,0.458490278127677
1994,All I Wanna Do,Sheryl Crow,0.4582425728015896
1996,Macarena,Los Del Rio,0.4566124945974237
1996,Macarena,Los Del Rio,0.4566124945974237
1996,Macarena,Los Del Rio,0.4566124945974237
1996,Macarena,Los Del Rio,0.4566124945974237
1996,Macarena,Los Del Rio,0.4566124945974237
1996,Macarena,Los Del Rio,0.4566124317245568
1996,Macarena,Los Del Rio,0.4566124317245568
1996,Wonderwall,Oasis,0.4551897442950843
1996,Wonderwall,Oasis,0.4551897442950843
1987,With Or Without You,U2,0.4467525958736992
1987,With Or Without You,U2,0.4467525958736992
1980,Upside Down,Diana Ross,0.44539971845886334
2001,Hero,Enrique Iglesias,0.44192337961366146
2001,Hero,Enrique Iglesias,0.44192212215632304
2001,Hero,Enrique Iglesias,0.44192212215632304
2001,Hero,Enrique Iglesias,0.44192212215632304
2001,Hero,Enrique Iglesias,0.44192212215632304
2001,Hero,Enrique Iglesias,0.44192212215632304
2001,Hero,Enrique Iglesias,0.44192212215632304
1988,Sweet Child O' Mine,Guns N' Roses,0.44107722524596105
1988,Sweet Child O' Mine,Guns N' Roses,0.44107420734834857
1990,I've Been Thinking About You,Londonbeat,0.44090362394079885
1982,Don't You Want Me,The Human League,0.4402990512458962
2002,A Thousand Miles,Vanessa Carlton,0.4396462892449572
2002,A Thousand Miles,Vanessa Carlton,0.4396462892449572
2002,A Thousand Miles,Vanessa Carlton,0.4396462892449572
1987,Livin' On A Prayer,Bon Jovi,0.43719464087723936
1987,Livin' On A Prayer,Bon Jovi,0.43719464087723936
1993,Zooropa,U2,0.4366651711033597
1984,Girls Just Wanna Have Fun,Cyndi Lauper,0.43608087899831705
2001,Fallin',Alicia Keys,0.4350975923339562
2001,Fallin',Alicia Keys,0.4350975923339562
2008,Take A Bow,Rihanna,0.42962338176954334
2008,Take A Bow,Rihanna,0.42962338176954334
2008,Take A Bow,Rihanna,0.42962168420213637
1995,Boombastic,Shaggy,0.42950387041599325
1995,Boombastic,Shaggy,0.42950387041599325
1996,Un-Break My Heart,Toni Braxton,0.4284619518095491
1996,Un-Break My Heart,Toni Braxton,0.4284619518095491
1996,Un-Break My Heart,Toni Braxton,0.42846069435221057
1996,Un-Break My Heart,Toni Braxton,0.42846069435221057
1999,Genie In A Bottle,Christina Aguilera,0.4278221808254914
1999,Genie In A Bottle,Christina Aguilera,0.4278221808254914
1999,Genie In A Bottle,Christina Aguilera,0.4278221808254914
1999,Genie In A Bottle,Christina Aguilera,0.4278221808254914
1999,Genie In A Bottle,Christina Aguilera,0.4278221808254914
2005,Bad Day,Daniel Powter,0.42746009103994054
2008,With You,Chris Brown,0.4257734016990746
2008,With You,Chris Brown,0.4257734016990746
2008,With You,Chris Brown,0.4257734016990746
2008,With You,Chris Brown,0.4257734016990746
1997,Men In Black,Will Smith,0.4174100478576511
1985,The Dream Of The Blue Turtles,Sting,0.41639060936158634
2004,She Will Be Loved,Maroon 5,0.4143693845005666
2004,She Will Be Loved,Maroon 5,0.4143693845005666
2004,She Will Be Loved,Maroon 5,0.41436856715329656
2007,Beautiful Liar,Beyonce & Shakira,0.41335641440806836
2007,Beautiful Liar,Beyonce & Shakira,0.41335641440806836
2004,Just Lose It,Eminem,0.413224773827617
1994,Love Is All Around,Wet Wet Wet,0.4124714461594598
1994,Love Is All Around,Wet Wet Wet,0.4124714461594598
1994,Love Is All Around,Wet Wet Wet,0.4124714461594598
1994,Love Is All Around,Wet Wet Wet,0.4124714461594598
1999,Blue (Da Ba Dee),Eiffel 65,0.41196803098312196
1993,Mr Vain,Culture Beat,0.4119254048552747
1993,So Far So Good,Bryan Adams,0.4092588856254837
2010,Rude Boy,Rihanna,0.4086253876763804
1991,More Than Words,Extreme,0.408247276644805
1991,More Than Words,Extreme,0.40824627067893415
1991,More Than Words,Extreme,0.40824627067893415
2007,Hey There Delilah,Plain White T's,0.406783252361883
1987,La Bamba,Los Lobos,0.4041966372564116
2005,Hollaback Girl,Gwen Stefani,0.40310561632248826
2005,Hollaback Girl,Gwen Stefani,0.40310561632248826
2005,Hollaback Girl,Gwen Stefani,0.40310561632248826
2005,Hollaback Girl,Gwen Stefani,0.40310561632248826
2005,Hollaback Girl,Gwen Stefani,0.4031047361023513
1999,If You Had My Love,Jennifer Lopez,0.39716855055204986
1988,Don't Worry Be Happy,Bobby McFerrin,0.3963604189054439
1980,Call Me,Blondie,0.393183139785732
1980,Call Me,Blondie,0.393183139785732
2008,No Air,Jordin Sparks & Chris Brown,0.3929237252998712
2008,Disturbia,Rihanna,0.3915725121338351
2008,Disturbia,Rihanna,0.3915725121338351
2008,Disturbia,Rihanna,0.3915725121338351
2008,Disturbia,Rihanna,0.3915725121338351
2008,Disturbia,Rihanna,0.3915725121338351
2008,Disturbia,Rihanna,0.3915725121338351
2008,Disturbia,Rihanna,0.3915725121338351
2008,Disturbia,Rihanna,0.3915725121338351
2006,Unfaithful,Rihanna,0.39047052060202
2006,Unfaithful,Rihanna,0.39047052060202
2006,Unfaithful,Rihanna,0.39047052060202
2006,Unfaithful,Rihanna,0.39047052060202
2008,All Summer Long,Kid Rock,0.38986645312935725
1998,Torn,Natalie Imbruglia,0.3897378282823062
2004,My Immortal,Evanescence,0.38830899751845727
2007,Don't Matter,Akon,0.3855735033952715
1987,(I've Had) The Time Of My Life,Bill Medley & Jennifer Warnes,0.3846411192174572
1987,(I've Had) The Time Of My Life,Bill Medley & Jennifer Warnes,0.3846411192174572
1987,(I've Had) The Time Of My Life,Bill Medley & Jennifer Warnes,0.3846411192174572
1996,Missing,Everything But The Girl,0.38454776719287775
2008,Womanizer,Britney Spears,0.38283185289481303
2008,Womanizer,Britney Spears,0.38283185289481303
2008,Womanizer,Britney Spears,0.38283185289481303
2008,Womanizer,Britney Spears,0.38283185289481303
2008,Womanizer,Britney Spears,0.38283185289481303
2008,Womanizer,Britney Spears,0.38283185289481303
1992,Jump,Kris Kross,0.38144676627684304
1992,Jump,Kris Kross,0.38144676627684304
1992,Jump,Kris Kross,0.38144676627684304
1982,Come On Eileen,Dexys Midnight Runners,0.3797959161040765
2000,The Real Slim Shady,Eminem,0.3793566120481659
2000,The Real Slim Shady,Eminem,0.37935466298929116
2008,Mercy,Duffy,0.3793260085198714
1997,Bitter Sweet Symphony,The Verve,0.3757787586702443
1994,No Need To Argue,The Cranberries,0.3755684043908526
1994,No Need To Argue,The Cranberries,0.3755684043908526
2007,Rehab,Amy Winehouse,0.37512714518880913
2007,Rehab,Amy Winehouse,0.3751264535872729
2007,Rehab,Amy Winehouse,0.3751264535872729
2007,Rehab,Amy Winehouse,0.3751264535872729
2007,Rehab,Amy Winehouse,0.3751264535872729
2004,F**k It (I Don't Want You Back),Eamon,0.3736680790419288
2004,F**k It (I Don't Want You Back),Eamon,0.3736680790419288
1986,Take My Breath Away,Berlin,0.3735060987237719
1986,Take My Breath Away,Berlin,0.3735060987237719
1986,Rock Me Amadeus,Falco,0.3730202269628968
1986,Rock Me Amadeus,Falco,0.3730202269628968
1986,Rock Me Amadeus,Falco,0.3730202269628968
2006,When I'm Gone,Eminem,0.3702018853127058
1983,Red Red Wine,UB40,0.37010218609173634
1994,Zombie,The Cranberries,0.36962087660050885
1994,Zombie,The Cranberries,0.36962087660050885
1994,Zombie,The Cranberries,0.36962087660050885
1983,Total Eclipse Of The Heart,Bonnie Tyler,0.36893498867911345
1983,Total Eclipse Of The Heart,Bonnie Tyler,0.36893498867911345
1983,Total Eclipse of the Heart,Bonnie Tyler,0.36893498867911345
1983,Total Eclipse of The Heart,Bonnie Tyler,0.36893498867911345
2008,Forever,Chris Brown,0.3659000946823294
2008,Forever,Chris Brown,0.3659000946823294
2008,Forever,Chris Brown,0.3659000946823294
2008,Forever,Chris Brown,0.3659000946823294
2008,Forever,Chris Brown,0.3659000946823294
2008,Forever,Chris Brown,0.3659000946823294
2008,Forever,Chris Brown,0.3659000946823294
2008,Forever,Chris Brown,0.3659000946823294
1995,Scatman (Ski-Ba-Bop-Ba-Dop-Bop),Scatman John,0.3625124028601371
2009,Whatcha Say,Jason Derulo,0.36186770800655566
2009,Whatcha Say,Jason Derulo,0.36186770800655566
2005,Let Me Love You,Mario,0.3617123227532913
2009,The Climb,Miley Cyrus,0.3614352192364413
1986,Papa Don't Preach,Madonna,0.36130066354978807
1981,Tainted Love,Soft Cell,0.35924919723284043
1981,Tainted Love,Soft Cell,0.35924919723284043
1981,Tainted Love,Soft Cell,0.35924919723284043
1981,Tainted Love,Soft Cell,0.35924919723284043
1981,Tainted Love,Soft Cell,0.35924919723284043
1981,Tainted Love,Soft Cell,0.35924919723284043
2007,The Best Damn Thing,Avril Lavigne,0.3589892175219707
2007,The Best Damn Thing,Avril Lavigne,0.3589892175219707
1995,Here Comes The Hotstepper,Ini Kamoze,0.35602937802285983
1995,Here Comes The Hotstepper,Ini Kamoze,0.35602937802285983
2009,Love Story,Taylor Swift,0.35582626231638703
2009,Love Story,Taylor Swift,0.35582626231638703
2009,Love Story,Taylor Swift,0.35582626231638703
2009,Love Story,Taylor Swift,0.35582626231638703
2009,Love Story,Taylor Swift,0.35582626231638703
2009,Love Story,Taylor Swift,0.35582626231638703
2009,Love Story,Taylor Swift,0.35582626231638703
2007,Not Too Late,Norah Jones,0.35149946739277377
2007,Not Too Late,Norah Jones,0.35149946739277377
2006,Ain't No Other Man,Christina Aguilera,0.35108538835075404
2006,Ain't No Other Man,Christina Aguilera,0.35108538835075404
1989,The Look,Roxette,0.3507418401321336
2007,How To Save A Life,The Fray,0.3506656582518153
2007,How To Save A Life,The Fray,0.3506656582518153
1999,The Bad Touch,Bloodhound Gang,0.34960242653043483
2003,White Flag,Dido,0.3489670862824042
2003,White Flag,Dido,0.3489670862824042
2003,White Flag,Dido,0.3489670862824042
2003,White Flag,Dido,0.3489670862824042
1984,Relax,Frankie Goes To Hollywood,0.34874471822335695
1984,Relax,Frankie Goes To Hollywood,0.34874471822335695
1984,Relax,Frankie Goes To Hollywood,0.34874471822335695
1984,Relax,Frankie Goes To Hollywood,0.34874471822335695
1984,Relax,Frankie Goes To Hollywood,0.34874471822335695
1984,Relax,Frankie Goes To Hollywood,0.34874471822335695
1984,Relax,Frankie Goes To Hollywood,0.34874471822335695
1984,Relax,Frankie Goes To Hollywood,0.34874471822335695
1984,Relax,Frankie Goes To Hollywood,0.34874471822335695
1984,Relax,Frankie Goes To Hollywood,0.34874471822335695
1984,Relax,Frankie Goes To Hollywood,0.34874471822335695
2009,Fireflies,Owl City,0.3485213058422963
2009,Fireflies,Owl City,0.3485213058422963
2010,Somebody To Love,Justin Bieber,0.34751679915546785
1990,Vision Of Love,Mariah Carey,0.3463598744235703
1990,Vision Of Love,Mariah Carey,0.3463598744235703
2002,Hot in Herre,Nelly,0.3462978234835978
2002,Hot In Herre,Nelly,0.3462978234835978
2002,Hot in Herre,Nelly,0.3462978234835978
2002,Hot in Herre,Nelly,0.3462978234835978
1989,Lambada,Kaoma,0.3455190801999313
1989,Lambada,Kaoma,0.3455190801999313
1989,Lambada,Kaoma,0.3455190801999313
2006,Because Of You,Kelly Clarkson,0.3450533580385573
2006,Because Of You,Kelly Clarkson,0.3450533580385573
2006,Because Of You,Kelly Clarkson,0.3450533580385573
2006,Because Of You,Kelly Clarkson,0.3450533580385573
2006,Because Of You,Kelly Clarkson,0.3450533580385573
2006,Because Of You,Kelly Clarkson,0.3450533580385573
2006,Because Of You,Kelly Clarkson,0.3450533580385573
2006,Because Of You,Kelly Clarkson,0.3450533580385573
2006,Because Of You,Kelly Clarkson,0.3450533580385573
2006,Because Of You,Kelly Clarkson,0.3450533580385573
2006,Because Of You,Kelly Clarkson,0.3450533580385573
2006,Because Of You,Kelly Clarkson,0.3450533580385573
2006,Because Of You,Kelly Clarkson,0.3450533580385573
2001,Because I Got High,Afroman,0.34363565977355426
2002,Jenny From The Block,Jennifer Lopez,0.34300839546670564
2001,Hot Shot,Shaggy,0.3422203024299487
1986,The Final Countdown,Europe,0.34109813988964705
1986,The Final Countdown,Europe,0.3410970081780424
1994,Return To Innocence,Enigma,0.3410048081082539
1987,I Still Haven't Found What I'm Looking For,U2,0.3378711170849714
1987,I Still Haven't Found What I'm Looking For,U2,0.3378711170849714
1987,I Still Haven't Found What I'm Looking For,U2,0.3378711170849714
1984,Jump,Van Halen,0.33783194881504564
1985,Do They Know It's Christmas?,Band Aid,0.33724838159115983
2006,Buttons,The Pussycat Dolls,0.33661562587219734
1985,Do They Know It's Christmas?,Band Aid,0.33647383677174303
1985,Do They Know It's Christmas?,Band Aid,0.33647383677174303
2006,So Sick,Ne-Yo,0.33515535610043734
2006,So Sick,Ne-Yo,0.33515535610043734
1993,Dreamlover,Mariah Carey,0.33515193772071883
1993,Dreamlover,Mariah Carey,0.33515193772071883
2007,Gimme More,Britney Spears,0.3351416356379276
2007,Gimme More,Britney Spears,0.3351416356379276
2007,Gimme More,Britney Spears,0.3351416356379276
2007,Gimme More,Britney Spears,0.3351416356379276
2007,Gimme More,Britney Spears,0.3351416356379276
2007,Gimme More,Britney Spears,0.3351416356379276
2007,Gimme More,Britney Spears,0.3351416356379276
2007,Gimme More,Britney Spears,0.3351416356379276
2007,Long Road Out Of Eden,Eagles,0.3351241212282514
2000,Say My Name,Destiny's Child,0.33327722527864595
1998,Doo Wop (That Thing),Lauryn Hill,0.33103550027341183
1995,All I Want For Christmas Is You,Mariah Carey,0.3306735507422836
2004,Vertigo,U2,0.3306305504707574
2004,Vertigo,U2,0.3306305504707574
2004,Vertigo,U2,0.3306305504707574
2008,Love Song,Sara Bareilles,0.3296592143127827
2008,Love Song,Sara Bareilles,0.32965883707558113
1994,Superunknown,Soundgarden,0.32869247698354187
2007,When You're Gone,Avril Lavigne,0.32619841048379794
1991,Don't Cry,Guns N' Roses,0.32274382055552164
1991,Don't Cry,Guns N' Roses,0.32274382055552164
2001,Love Don't Cost A Thing,Jennifer Lopez,0.3202813153389097
2001,Love Don't Cost A Thing,Jennifer Lopez,0.3202813153389097
1992,Save The Best For Last,Vanessa Williams,0.3192282654028334
2008,7 Things,Miley Cyrus,0.3189823430429598
2005,Pon de Replay,Rihanna,0.3185994432804869
2005,Pon de Replay,Rihanna,0.3185994432804869
1990,All Around The World,Lisa Stansfield,0.31828331357304307
1984,Hello,Lionel Richie,0.3180452329176675
1984,Hello,Lionel Richie,0.3180452329176675
1984,Hello,Lionel Richie,0.3180452329176675
1984,Hello,Lionel Richie,0.3180452329176675
2010,Alejandro,Lady GaGa,0.31794153234937583
1997,2 Become 1,Spice Girls,0.31766914450613615
1985,Shout,Tears For Fears,0.3171095009424146
1985,Shout,Tears For Fears,0.3171095009424146
1997,Be Here Now,Oasis,0.3170727503226968
1986,5150,Van Halen,0.3168972504778615
2007,Grace Kelly,MIKA,0.31623772737440187
1987,Bad,Michael Jackson,0.3151307449130579
1987,Bad,Michael Jackson,0.3151307449130579
2002,Sk8er Boi,Avril Lavigne,0.31394680933831515
2002,Sk8er Boi,Avril Lavigne,0.31394655784684744
1982,Pass The Dutchie,Musical Youth,0.31390440435656286
1982,Pass The Dutchie,Musical Youth,0.31390440435656286
1982,Pass The Dutchie,Musical Youth,0.31390440435656286
1982,Pass The Dutchie,Musical Youth,0.31390440435656286
1982,Pass The Dutchie,Musical Youth,0.3138982573358045
2004,Everytime,Britney Spears,0.31285378124808233
2004,Everytime,Britney Spears,0.31285378124808233
2004,Everytime,Britney Spears,0.31285378124808233
2004,Everytime,Britney Spears,0.31285378124808233
1993,Hero,Mariah Carey,0.31275294362113765
1993,Hero,Mariah Carey,0.31275294362113765
1980,Fame,Irene Cara,0.31205434343586097
2005,Get Right,Jennifer Lopez,0.3120013394410245
1980,The Winner Takes It All,Abba,0.3107001992534198
1997,Honey,Mariah Carey,0.31042476528503515
1997,Honey,Mariah Carey,0.31042476528503515
1985,Shout,Tears For Fears,0.3101621358303453
1985,Shout,Tears For Fears,0.3101621358303453
1985,Shout,Tears For Fears,0.3101621358303453
1985,Shout,Tears For Fears,0.3101621358303453
1988,Desire,U2,0.3089177647869839
1988,Desire,U2,0.3089177647869839
2009,Paparazzi,Lady GaGa,0.30886268284945845
2009,Paparazzi,Lady GaGa,0.30886268284945845
2009,Paparazzi,Lady GaGa,0.30886268284945845
1996,Children,Robert Miles,0.3082716641258497
1996,CHILDREN,Robert Miles,0.3082716641258497
1996,Children,Robert Miles,0.3082716641258497
1996,CHILDREN,Robert Miles,0.3082716641258497
1996,CHILDREN,Robert Miles,0.3082716641258497
2006,Hurt,Christina Aguilera,0.3074388382347591
2006,Hurt,Christina Aguilera,0.3074388382347591
1984,Ghostbusters,Ray Parker Jr,0.3068695751710442
2008,Sex On Fire,Kings Of Leon,0.3064627769024856
2002,Underneath Your Clothes,Shakira,0.30542740571132704
2002,Underneath Your Clothes,Shakira,0.30542740571132704
2002,Underneath Your Clothes,Shakira,0.3054257077270559
2007,Makes Me Wonder,Maroon 5,0.30517153965862515
2007,Makes Me Wonder,Maroon 5,0.30517153965862515
2007,Makes Me Wonder,Maroon 5,0.30517153965862515
1983,No Parlez,Paul Young,0.30502771989860245
1998,You're Still The One,Shania Twain,0.30467549061908833
1988,I Think We're Alone Now,Tiffany,0.30436457790778776
1988,I Think We're Alone Now,Tiffany,0.30436457790778776
1983,All Night Long (All Night),Lionel Richie,0.3032898373548823
1983,All Night Long (All Night),Lionel Richie,0.3032898373548823
1993,Runaway Train,Soul Asylum,0.302370934633875
1993,Runaway Train,Soul Asylum,0.302370934633875
1981,Celebration,Kool & The Gang,0.3018262558051152
1981,Celebration,Kool & The Gang,0.3018262558051152
1981,Celebration,Kool & The Gang,0.3018262558051152
2005,Stickwitu,The Pussycat Dolls,0.3012637587382721
2004,Call On Me,Eric Prydz,0.2992270507561151
2004,Call On Me,Eric Prydz,0.29922629628171193
2004,Call On Me,Eric Prydz,0.29922629628171193
2004,Call On Me,Eric Prydz,0.29922629628171193
2004,Call On Me,Eric Prydz,0.29922629628171193
2004,Call On Me,Eric Prydz,0.29922629628171193
2009,We Made You,Eminem,0.29744637978341454
2009,We Made You,Eminem,0.29744637978341454
2009,We Made You,Eminem,0.29744637978341454
2009,We Made You,Eminem,0.29744637978341454
2002,Nellyville,Nelly,0.2967118707916864
2007,Because Of You,Ne-Yo,0.2964604897138216
2007,Because Of You,Ne-Yo,0.2964604897138216
2007,Because Of You,Ne-Yo,0.2964604897138216
2007,Because Of You,Ne-Yo,0.2964604897138216
1984,Footloose,Kenny Loggins,0.2956731241863121
1984,Footloose,Kenny Loggins,0.2956731241863121
1984,Footloose,Kenny Loggins,0.2956731241863121
2007,Magic,Bruce Springsteen,0.2920151146066305
2002,U Got It Bad,Usher,0.290704261595792
2006,London Bridge,Fergie,0.2905917334912184
2006,London Bridge,Fergie,0.2905917334912184
2006,London Bridge,Fergie,0.2905917334912184
2006,London Bridge,Fergie,0.2905917334912184
2006,My Love,Justin Timberlake,0.2892431896911636
2006,My Love,Justin Timberlake,0.2892431896911636
2006,My Love,Justin Timberlake,0.2892431896911636
1997,Discotheque,U2,0.28873591512610963
2004,The Reason,Hoobastank,0.2880231381688772
1997,Lovefool,The Cardigans,0.2877459910854733
1997,Lovefool,The Cardigans,0.2877459910854733
1997,Lovefool,The Cardigans,0.2877459910854733
1997,Lovefool,The Cardigans,0.2877459910854733
1997,Lovefool,The Cardigans,0.2877459910854733
1997,Lovefool,The Cardigans,0.2877459910854733
1997,Lovefool,The Cardigans,0.2877459910854733
1998,All My Life,K-Ci & JoJo,0.28767022443158347
2000,I Try,Macy Gray,0.28696803840377416
2000,I Try,Macy Gray,0.2869665447042125
1995,Shy Guy,Diana King,0.2863284821994623
1995,Shy Guy,Diana King,0.2863284821994623
1995,Shy Guy,Diana King,0.2863284821994623
1995,Shy Guy,Diana King,0.2863284821994623
2009,Use Somebody,Kings Of Leon,0.2862823268669925
2009,Use Somebody,Kings Of Leon,0.2862823268669925
1998,Gettin' Jiggy Wit It,Will Smith,0.28458475465608174
1989,Pump Up The Jam,Technotronic,0.28263224343971716
1988,The Way You Make Me Feel,Michael Jackson,0.2816335292555435
1988,The Way You Make Me Feel,Michael Jackson,0.2816335292555435
1990,Enjoy the Silence,Depeche Mode,0.28036651730759793
1990,Enjoy The Silence,Depeche Mode,0.28036651730759793
1993,Are You Gonna Go My Way,Lenny Kravitz,0.2798949509297518
1993,Are You Gonna Go My Way,Lenny Kravitz,0.2798949509297518
1993,Are You Gonna Go My Way,Lenny Kravitz,0.2798949509297518
1996,Jesus To A Child,George Michael,0.27983837574989223
2006,Temperature,Sean Paul,0.27950148265411634
2003,Cry Me A River,Justin Timberlake,0.27896365351746083
2005,Speed Of Sound,Coldplay,0.2786350433406912
2004,My Boo,Usher & Alicia Keys,0.2779900791730627
1997,I Want You,Savage Garden,0.27797924487050124
1997,I Want You,Savage Garden,0.27797924487050124
1997,I Want You,Savage Garden,0.27797924487050124
1985,Centerfield,John Fogerty,0.2776272377225829
1985,Centerfield,John Fogerty,0.2776272377225829
2001,Is This It,The Strokes,0.2775017688365122
2001,Is This It,The Strokes,0.2775017688365122
1993,Boom! Shake The Room,DJ Jazzy Jeff & The Fresh Prince,0.276185191945917
2009,LoveGame,Lady GaGa,0.27577657663891153
2009,LoveGame,Lady GaGa,0.27577657663891153
2009,LoveGame,Lady GaGa,0.2757764508931777
2009,LoveGame,Lady GaGa,0.2757764508931777
1980,The Tide Is High,Blondie,0.27570868860366204
2001,Is This It,The Strokes,0.2750381117202333
2007,Bubbly,Colbie Caillat,0.2747615571139915
2007,Bubbly,Colbie Caillat,0.2747615571139915
2007,Bubbly,Colbie Caillat,0.2747615571139915
1985,Everybody Wants To Rule The World,Tears For Fears,0.2745852890101271
1985,Everybody Wants To Rule The World,Tears For Fears,0.2745849746457924
1985,Everybody Wants To Rule The World,Tears For Fears,0.2745849746457924
2003,Rock Your Body,Justin Timberlake,0.2743181361307683
2003,Rock Your Body,Justin Timberlake,0.2743181361307683
2003,Clocks,Coldplay,0.27385303848124726
2005,Since U Been Gone,Kelly Clarkson,0.27318543489537145
2005,Since U Been Gone,Kelly Clarkson,0.27318543489537145
2005,Since U Been Gone,Kelly Clarkson,0.27318543489537145
2005,Since U Been Gone,Kelly Clarkson,0.27318543489537145
2005,Since U Been Gone,Kelly Clarkson,0.27318543489537145
2005,Since U Been Gone,Kelly Clarkson,0.27318543489537145
2005,Since U Been Gone,Kelly Clarkson,0.27318543489537145
1999,I Knew I Loved You,Savage Garden,0.2708295434720765
1999,I Knew I Loved You,Savage Garden,0.2708294805992095
2004,This Love,Maroon 5,0.27048615269900095
2004,This Love,Maroon 5,0.27048615269900095
2009,Circus,Britney Spears,0.2702435839087942
2009,Circus,Britney Spears,0.2702435839087942
2009,Circus,Britney Spears,0.2702435839087942
2009,Circus,Britney Spears,0.2702435839087942
2009,Circus,Britney Spears,0.2702435839087942
1991,Unbelievable,EMF,0.2702118143424574
2007,Good Girl Gone Bad,Rihanna,0.269735758271274
2007,Good Girl Gone Bad,Rihanna,0.269735758271274
2009,My Life Would Suck Without You,Kelly Clarkson,0.26908869390015133
2009,My Life Would Suck Without You,Kelly Clarkson,0.26908869390015133
2009,My Life Would Suck Without You,Kelly Clarkson,0.26908869390015133
2009,My Life Would Suck Without You,Kelly Clarkson,0.26908869390015133
2009,My Life Would Suck Without You,Kelly Clarkson,0.26908869390015133
2009,My Life Would Suck Without You,Kelly Clarkson,0.26908869390015133
1991,The Fly,U2,0.26868045733460644
2000,What A Girl Wants,Christina Aguilera,0.2684062605572351
2004,Milkshake,Kelis,0.26840056282730745
1994,August & Everything After,Counting Crows,0.2681074870578566
1986,Greatest Love of All,Whitney Houston,0.26761544958997674
1986,Greatest Love of All,Whitney Houston,0.26761544958997674
1986,Greatest Love Of All,Whitney Houston,0.26761544958997674
1982,Nebraska,Bruce Springsteen,0.26684294373417483
1994,On Bended Knee,Boyz II Men,0.26679699832314424
1994,On Bended Knee,Boyz II Men,0.26679699832314424
2001,You Rock My World,Michael Jackson,0.2661831451481766
1981,Escape,Journey,0.2660706381686932
2008,When I Grow Up,The Pussycat Dolls,0.2651237277473549
2008,When I Grow Up,The Pussycat Dolls,0.2651237277473549
2008,When I Grow Up,The Pussycat Dolls,0.26512322476441946
2008,When I Grow Up,The Pussycat Dolls,0.26512322476441946
2004,Do They Know It's Christmas?,Band Aid 20,0.2640216479420583
1990,Groove Is In The Heart,Deee-Lite,0.26372847268917426
2001,Toxicity,System of a Down,0.2629309639492377
2001,Toxicity,System of a Down,0.2629308382035038
2007,Neon Bible,Arcade Fire,0.2624839231869508
1992,Humpin' Around,Bobby Brown,0.26169054806574427
2002,Wherever You Will Go,The Calling,0.2602416355216763
2002,Wherever You Will Go,The Calling,0.2602416355216763
2002,Wherever You Will Go,The Calling,0.2602416355216763
2007,Hate That I Love You,Rihanna,0.2594297376853302
1999,Beautiful Stranger,Madonna,0.2578948682879156
1999,Beautiful Stranger,Madonna,0.2578948682879156
1988,One More Try,George Michael,0.25765708391276876
1998,Big Big World,Emilia,0.25731330084871873
1998,Big Big World,Emilia,0.25731330084871873
1981,9 To 5,Dolly Parton,0.2571039864659825
1981,9 to 5,Dolly Parton,0.2571039864659825
1981,Start Me Up,The Rolling Stones,0.2568546582494256
2001,Thank You,Dido,0.2561943282406654
2001,Thank You,Dido,0.2561943282406654
2009,No Line On The Horizon,U2,0.25615264755479406
1989,Paradise City,Guns N' Roses,0.25606307496127684
1996,Always Be My Baby,Mariah Carey,0.2560331913482755
1985,One Night In Bangkok,Murray Head,0.2559676638276751
2001,Ain't It Funny,Jennifer Lopez,0.2558045951603983
2001,Ain't It Funny,Jennifer Lopez,0.2558045951603983
2001,Bootylicious,Destiny's Child,0.255294072687953
1988,...And Justice For All,Metallica,0.2536782996868767
1984,Welcome to the Pleasuredome,Frankie Goes To Hollywood,0.2535903344570318
1984,Welcome to the Pleasuredome,Frankie Goes To Hollywood,0.2535903344570318
1984,Welcome to the Pleasuredome,Frankie Goes To Hollywood,0.2535903344570318
1984,Welcome to the Pleasuredome,Frankie Goes To Hollywood,0.2535903344570318
1984,Welcome to the Pleasuredome,Frankie Goes To Hollywood,0.2535903344570318
1984,Welcome to the Pleasuredome,Frankie Goes To Hollywood,0.2535903344570318
1984,Welcome to the Pleasuredome,Frankie Goes To Hollywood,0.2535903344570318
1984,Welcome to the Pleasuredome,Frankie Goes To Hollywood,0.2535903344570318
2008,Piece Of Me,Britney Spears,0.25346064489305664
2008,Piece Of Me,Britney Spears,0.25346064489305664
2008,Piece Of Me,Britney Spears,0.25346064489305664
2001,Hanging By A Moment,Lifehouse,0.2526698314847924
1995,I'll Be There For You,The Rembrandts,0.25265552661374907
1993,Cryin',Aerosmith,0.2515311067668439
1993,Cryin',Aerosmith,0.2515311067668439
1993,Cryin',Aerosmith,0.2515311067668439
1985,Into The Groove,Madonna,0.25152946320875086
1997,You Were Meant For Me,Jewel,0.2510130206332369
1996,Don't Look Back In Anger,Oasis,0.2500726935506646
1996,Don't Look Back In Anger,Oasis,0.2500726935506646
1995,Earth Song,Michael Jackson,0.24972694014832783
1989,Nick Of Time,Bonnie Raitt,0.24955756854685882
1988,Orinoco Flow,Enya,0.24937668030877863
1981,Every Little Thing She Does Is Magic,The Police,0.24926526547389774
1981,Every Little Thing She Does Is Magic,The Police,0.24926526547389774
1981,Every Little Thing She Does Is Magic,The Police,0.24926526547389774
1999,(You Drive Me) Crazy,Britney Spears,0.24867988938907523
2005,Devils & Dust,Bruce Springsteen,0.24863864097016686
2005,Devils & Dust,Bruce Springsteen,0.24863864097016686
1995,Colors Of The Wind,Vanessa Williams,0.2481712988134346
1990,I'm Your Baby Tonight,Whitney Houston,0.24808050648649135
1981,Morning Train (Nine to Five),Sheena Easton,0.24748745868416247
2000,Yellow,Coldplay,0.2472588605844722
2000,Yellow,Coldplay,0.2472588605844722
2000,Yellow,Coldplay,0.2472588605844722
2000,Yellow,Coldplay,0.2472588605844722
2000,Sailing To Philadelphia,Mark Knopfler,0.24715627323681727
1999,Every Morning,Sugar Ray,0.2471110377286359
1988,Two Hearts,Phil Collins,0.24652988369066495
1986,Live To Tell,Madonna,0.24635456511679132
2009,Beautiful,Eminem,0.24544774870173128
1987,I Knew You Were Waiting (For Me),Aretha Franklin & George Michael,0.2453612602939982
1999,All Star,Smash Mouth,0.24519962233666392
2008,Sleep Through The Static,Jack Johnson,0.24460103882371703
1997,Blood On The Dance Floor,Michael Jackson,0.24435681215683783
1984,Self Control,Laura Branigan,0.24426683841000155
1981,Rapture,Blondie,0.24419207420003256
2003,I'm With You,Avril Lavigne,0.24353566225711215
2008,Closer,Ne-Yo,0.24340199052365913
2008,Closer,Ne-Yo,0.24340199052365913
2008,Closer,Ne-Yo,0.24340199052365913
